Model,Digital %,Offline %,Baseline %
Naive,62.0701265662315,0.0,37.929873433768506
Correct,0.0,36.43340063123032,63.56659936876967
